p69,x000,1,0.012837224705172217,TEM,growth,SAM
p69,x001,2,0,TEM,growth,SAM
p69,x010,2,2.5782683206709733,TEM,growth,SAM
p69,x011,3,2.5782683206709733,TEM,growth,SAM
p69,x100,2,0,TEM,growth,SAM
p69,x101,3,0,TEM,growth,SAM
p69,x110,3,2.5782683206709733,TEM,growth,SAM
p69,x111,4,2.5782683206709733,TEM,growth,SAM
p104,0x00,1,0.012837224705172217,TEM,growth,SAM
p104,0x01,2,0,TEM,growth,SAM
p104,0x10,2,0,TEM,growth,SAM
p104,0x11,3,0,TEM,growth,SAM
p104,1x00,2,0,TEM,growth,SAM
p104,1x01,3,0,TEM,growth,SAM
p104,1x10,3,0,TEM,growth,SAM
p104,1x11,4,0,TEM,growth,SAM
p238,00x0,1,-2.5654310959658013,TEM,growth,SAM
p238,00x1,2,-2.5782683206709733,TEM,growth,SAM
p238,01x0,2,-2.5782683206709733,TEM,growth,SAM
p238,01x1,3,-2.5782683206709733,TEM,growth,SAM
p238,10x0,2,0,TEM,growth,SAM
p238,10x1,3,0,TEM,growth,SAM
p238,11x0,3,0,TEM,growth,SAM
p238,11x1,4,0,TEM,growth,SAM
p276,000x,1,0.012837224705172217,TEM,growth,SAM
p276,001x,2,0,TEM,growth,SAM
p276,010x,2,0,TEM,growth,SAM
p276,011x,3,0,TEM,growth,SAM
p276,100x,2,0,TEM,growth,SAM
p276,101x,3,0,TEM,growth,SAM
p276,110x,3,0,TEM,growth,SAM
p276,111x,4,0,TEM,growth,SAM
